INDICATIVO,BLOQUE
230,450
230,4459
230,4516
230,4517
230,458
230,455
230,4518
230,4301
230,4302
230,4308
230,4307
230,4306
230,4309
230,4345
230,4346
230,435
230,4360
230,4361
230,4318
230,4476
230,460
230,4524
230,4527
230,4479
230,4478
230,4477
230,4522
230,4520
230,4521
230,4511
230,4510
230,457
230,4512
230,456
230,4513
230,4514
230,4696
230,4698
230,4697
230,4699
230,4695
230,4347
230,4348
230,4349
230,4372
230,4371
230,4363
230,4364
230,4367
230,4368
230,4370
230,4366
230,4369
230,4365
230,4362
230,4217
230,4212
230,4216
230,4215
230,4214
230,4213
230,4201
230,4200
230,425
230,4393
230,4392
230,4391
230,4390
230,4241
230,4240
230,4242
230,4243
